dataset;relative;absolute;naive_occurrences;deletion_occurrences;projection_occurrences;naive_size;deletion_size;projection_size;num;abs;perfect;reject_naive;reject_deletion;reject_projection;deletion_rate;projection_rate;naive_auc;deletion_auc;projection_auc
abalone.bin;1;4177;2138624;4177;4177;37593;0;0;abalone.num;4177;4177;0.998046875;0;0;0;0;0;0;0
abalone.bin;0.95;3969;2138624;4177;4177;37593;0;0;abalone.num;3968;4177;0.998046875;0;0;0;0;0.049902344;0;0
abalone.bin;0.90000004;3760;2138624;4177;4177;37593;0;0;abalone.num;3759;4177;0.998046875;0;0;0;0;0.049902344;0;0
abalone.bin;0.85;3551;2138624;4177;4177;37593;0;0;abalone.num;3550;4177;0.998046875;0;0;0;0;0.049902344;0;0
abalone.bin;0.8;3342;2138624;4177;4177;37593;0;0;abalone.num;3341;4177;0.998046875;0;0;0;0;0.049902344;0;0
abalone.bin;0.75;3133;2138624;4177;4177;37593;0;0;abalone.num;3132;4177;0.998046875;0;0;0;0;0.049902344;0;0
abalone.bin;0.7;2924;2138624;4177;4177;37593;0;0;abalone.num;2923;4177;0.998046875;0;0;0;0;0.049902344;0;0
abalone.bin;0.65000004;2716;2138624;4177;4177;37593;0;0;abalone.num;2715;4177;0.998046875;0;0;0;0;0.049902344;0;0
abalone.bin;0.6;2507;2138624;4177;4177;37593;0;0;abalone.num;2506;4177;0.998046875;0;0;0;0;0.049902344;0;0
abalone.bin;0.55;2298;2138624;4177;4177;37593;0;0;abalone.num;2297;4177;0.998046875;0;0;0;0;0.049902344;0;0
abalone.bin;0.5;2089;2138624;4177;4177;37593;0;0;abalone.num;2088;4177;0.998046875;0;0;0;0;0.049902344;0;0
abalone.bin;0.45000002;1880;2138624;6068;6068;37593;1891;0;abalone.num;1879;6068;0.997162662;0;0;0.050301918;0;0.049880238;0;0
abalone.bin;0.4;1671;2138624;6068;6068;37593;1891;0;abalone.num;1670;6068;0.997162662;0;0;0.050301918;0;0.049858133;0;0
abalone.bin;0.35;1462;2138624;8340;7596;37593;3419;0;abalone.num;1461;7596;0.996448184;0.089208633;0;0.090947783;0;0.049840271;0.002230216;0
abalone.bin;0.3;1254;2138624;1923584;74373;37593;36753;15357;abalone.num;1253;57540;0.97309485;0.970087087;0.226332137;0.977655415;0.408506903;0.049238576;0.026482393;0.005658303
abalone.bin;0.25;1045;2138624;1923584;334103;37593;36753;64431;abalone.num;1044;254852;0.880833658;0.867511894;0.237205293;0.977655415;1.713909504;0.046348213;0.045939975;0.011588436
abalone.bin;0.2;836;2138624;2138368;546592;37593;37592;83070;abalone.num;835;401204;0.812400871;0.812378412;0.265989989;0.999973399;2.209719895;0.042330863;0.041997258;0.012579882
abalone.bin;0.15;627;2138624;2138368;1044923;37593;37592;108824;abalone.num;626;667281;0.687985826;0.687948473;0.361406534;0.999973399;2.894794244;0.037509667;0.037508172;0.015684913
abalone.bin;0.1;418;2138624;2138368;1471260;37593;37592;127629;abalone.num;417;1003926;0.530573864;0.530517666;0.317642021;0.999973399;3.39502035;0.030463992;0.030461653;0.016976214
abalone.bin;0.05;209;2138624;2138368;1704853;37593;37592;138136;abalone.num;208;1343187;0.371938686;0.371863496;0.212139111;0.999973399;3.674513872;0.031861281;0.031856116;0.018548006
cmc.bin;1;1473;1508352;1473;1473;14730;0;0;cmc.num;1473;1473;0.999023438;0;0;0;0;0;0;0
cmc.bin;0.95;1400;1508352;1473;1473;14730;0;0;cmc.num;1399;1473;0.999023438;0;0;0;0;0.049951172;0;0
cmc.bin;0.90000004;1326;1508352;2837;2837;14730;1364;0;cmc.num;1325;2837;0.998119139;0;0;0.092600136;0;0.049928564;0;0
cmc.bin;0.85;1253;1508352;5242;4090;14730;2617;0;cmc.num;1252;4090;0.997288431;0.219763449;0;0.17766463;0;0.049885189;0.005494086;0
cmc.bin;0.8;1179;1508352;5242;4090;14730;2617;0;cmc.num;1178;4090;0.997288431;0.219763449;0;0.17766463;0;0.049864422;0.010988172;0
cmc.bin;0.75;1105;1508352;5242;5242;14730;2617;1152;cmc.num;1104;6346;0.995792759;0;0;0.17766463;0.078207739;0.04982703;0.005494086;0
cmc.bin;0.7;1032;1508352;9200;6346;14730;3721;1152;cmc.num;1031;6346;0.995792759;0.310217391;0;0.252613714;0.078207739;0.049789638;0.007755435;0
cmc.bin;0.65000004;958;1508352;9200;7368;14730;3721;2174;cmc.num;957;7368;0.995115199;0.199130435;0;0.252613714;0.147589952;0.049772699;0.012733696;0
cmc.bin;0.6;884;1508352;14784;10099;14730;4620;3129;cmc.num;883;9222;0.993886043;0.376217532;0.086840281;0.313645621;0.212423625;0.049725031;0.014383699;0.002171007
cmc.bin;0.55;811;1508352;14784;10972;14730;4620;4002;cmc.num;810;10972;0.992725836;0.25784632;0;0.313645621;0.271690428;0.049665297;0.015851596;0.002171007
cmc.bin;0.5;737;1508352;14784;10972;14730;4620;4002;cmc.num;736;10972;0.992725836;0.25784632;0;0.313645621;0.271690428;0.049636292;0.012892316;0
cmc.bin;0.45000002;663;1508352;33426;17549;14730;6036;6739;cmc.num;662;15820;0.989511732;0.52671573;0.098524132;0.409775967;0.457501697;0.049555939;0.019614051;0.002463103
cmc.bin;0.4;590;1508352;61274;19953;14730;7277;7342;cmc.num;589;18317;0.987856283;0.701064073;0.081992683;0.494025798;0.498438561;0.0494342;0.030694495;0.00451292
cmc.bin;0.35;516;1508352;118316;30693;14730;8374;12270;cmc.num;515;26516;0.982420549;0.775888299;0.136089662;0.568499661;0.83299389;0.049256921;0.036923809;0.005452059
cmc.bin;0.3;442;1508352;226132;44671;14730;9838;16502;cmc.num;441;36146;0.976036098;0.840155308;0.190839695;0.667888663;1.12029871;0.048961416;0.04040109;0.008173234
cmc.bin;0.25;369;1508352;660880;64030;14730;12282;22135;cmc.num;368;55252;0.963369293;0.91639632;0.137091988;0.833808554;1.502715547;0.048485135;0.043913791;0.008198292
cmc.bin;0.2;295;1508352;1200000;110058;14730;14027;31982;cmc.num;294;79756;0.947123748;0.933536667;0.275327555;0.95227427;2.171215207;0.047762326;0.046248325;0.010310489
cmc.bin;0.15;221;1508352;1279360;188454;14730;14249;39901;cmc.num;220;119757;0.920604077;0.90639304;0.364529275;0.967345553;2.708825526;0.046693196;0.045998243;0.015996421
cmc.bin;0.1;148;1508352;1452544;457763;14730;14621;51742;cmc.num;147;200213;0.867263742;0.8621639;0.562627386;0.992600136;3.51269518;0.044696695;0.044213924;0.023178917
cmc.bin;0.05;74;1508352;1508352;1186530;14730;14730;63512;cmc.num;73;403350;0.732588945;0.732588945;0.660059164;1;4.311744739;0.058311041;0.058183545;0.047068643
connect.bin;1;67557;5.94E+17;67557;67557;2904951;0;0;connect.num;67557;67557;1;0;0;0;0;0;0;0
connect.bin;0.95;64180;5.94E+17;7.63E+09;4.26E+08;2.90E+06;1.13E+06;7.09E+06;connect.num;64179;143440194;1;0.981189502;0.663340339;0.388122898;2.441060107;0.05;0.024529738;0.016583508
connect.bin;0.90000004;60802;5.94E+17;1.04E+11;8.42E+09;2.90E+06;1.38E+06;1.14E+07;connect.num;60801;1688238048;0.999999997;0.983784619;0.799539299;0.473587334;3.921324663;0.05;0.049124353;0.036571991
connect.bin;0.85;57424;5.94E+17;1.28E+12;5.31E+10;2.90E+06;1.61E+06;1.60E+07;connect.num;57423;8450913112;0.999999986;0.993375065;0.840773456;0.555455152;5.514283718;0.05;0.049428992;0.041007819
connect.bin;0.8;54046;5.94E+17;7.40E+12;3.16E+11;2.90E+06;1.78E+06;1.96E+07;connect.num;54045;30173504856;0.999999949;0.995922496;0.904652565;0.612327712;6.7374028;0.049999998;0.049732439;0.043635651
connect.bin;0.75;50668;5.94E+17;2.17E+13;1.07E+12;2.90E+06;1.88E+06;2.27E+07;connect.num;50667;84951263120;0.999999857;0.99609286;0.920568277;0.648151724;7.818343235;0.049999995;0.049800384;0.045630521
connect.bin;0.7;47290;5.94E+17;3.55E+13;2.51E+12;2.90E+06;1.93E+06;2.47E+07;connect.num;47289;2.09007E+11;0.999999648;0.994113365;0.916675538;0.66471104;8.507973801;0.049999988;0.049755156;0.045931095
connect.bin;0.65000004;43913;5.94E+17;9.53E+13;6.49E+12;2.90E+06;2.02E+06;2.71E+07;connect.num;43912;4.63057E+11;0.999999221;0.995143101;0.92868637;0.696176631;9.324785513;0.049999972;0.049731412;0.046134048
connect.bin;0.6;40535;5.94E+17;3.35E+14;1.55E+13;2.90E+06;2.15E+06;2.99E+07;connect.num;40534;9.47495E+11;0.999998406;0.997169615;0.939044178;0.739348443;10.29216947;0.049999941;0.049807818;0.046693264
connect.bin;0.55;37157;5.94E+17;4.72E+14;2.90E+13;2.90E+06;2.19E+06;3.18E+07;connect.num;37156;1.82936E+12;0.999996922;0.996120303;0.936868891;0.752316304;10.94673542;0.049999883;0.049832248;0.046897827
connect.bin;0.5;33779;5.94E+17;6.52E+14;5.74E+13;2.90E+06;2.22E+06;3.34E+07;connect.num;33778;3.39088E+12;0.999994294;0.994799828;0.940899747;0.764077948;11.49486824;0.04999978;0.049773003;0.046944216
connect.bin;0.45000002;30401;5.94E+17;9.58E+14;1.23E+14;2.90E+06;2.25E+06;3.49E+07;connect.num;30400;6.10998E+12;0.999989718;0.993620416;0.950197129;0.775104985;12.01189831;0.0499996;0.049710506;0.047277422
connect.bin;0.4;27023;5.94E+17;1.67E+15;2.02E+14;2.90E+06;2.31E+06;3.67E+07;connect.num;27022;1.08579E+13;0.999981728;0.993507963;0.946290284;0.795327357;12.64651349;0.049999286;0.049678209;0.047412185
connect.bin;0.35;23645;5.94E+17;2.88E+15;3.64E+14;2.90E+06;2.36E+06;3.84E+07;connect.num;23644;1.90867E+13;0.99996788;0.993379016;0.947570867;0.812839184;13.2208502;0.04999874;0.049672174;0.047346529
connect.bin;0.3;20268;5.94E+17;5.33E+15;6.23E+14;2.90E+06;2.43E+06;4.02E+07;connect.num;20267;3.35391E+13;0.999943559;0.993708384;0.946139483;0.834989988;13.85135446;0.049997786;0.049677185;0.047342759
connect.bin;0.25;16890;5.94E+17;2.88E+16;1.01E+15;2.90E+06;2.58E+06;4.50E+07;connect.num;16889;5.962E+13;0.99989967;0.997928345;0.941151655;0.8878105;15.49318801;0.049996081;0.049790918;0.047182278
connect.bin;0.2;13512;5.94E+17;5.98E+16;1.88E+15;2.90E+06;2.66E+06;4.82E+07;connect.num;13511;1.10511E+14;0.999814029;0.998152203;0.941371883;0.914431603;16.58155026;0.049992842;0.049902014;0.047063088
connect.bin;0.15;10134;5.94E+17;1.29E+17;5.19E+15;2.90E+06;2.73E+06;5.13E+07;connect.num;13511;1.10511E+14;0.999814029;0.999144049;0.978700732;0.938932189;17.66138121;0.049990701;0.049932406;0.048001815
connect.bin;0.1;6756;5.94E+17;2.47E+17;1.57E+16;2.90E+06;2.79E+06;5.43E+07;connect.num;13511;1.10511E+14;0.999814029;0.999552361;0.992964446;0.961301929;18.69435285;0.049990701;0.04996741;0.049291629
connect.bin;0.05;3378;5.94E+17;4.26E+17;7.18E+16;2.90E+06;2.86E+06;5.79E+07;connect.num;13511;1.10511E+14;0.999814029;0.999740293;0.998460607;0.984092331;19.92340353;0.074986052;0.074975824;0.074747142
crx.bin;1;690;4.37E+07;690;690;10973;0;0;crx.num;690;690;0.999984225;0;0;0;0;0;0;0
crx.bin;0.95;656;4.37E+07;690;690;10973;0;0;crx.num;655;690;0.999984225;0;0;0;0;0.049999211;0;0
crx.bin;0.90000004;621;4.37E+07;1315;1315;10973;625;0;crx.num;621;1315;0.999969937;0;0;0.056957988;0;0.049998854;0;0
crx.bin;0.85;587;4.37E+07;1315;1315;10973;625;0;crx.num;586;1315;0.999969937;0;0;0.056957988;0;0.049998497;0;0
crx.bin;0.8;552;4.37E+07;1315;1315;10973;625;0;crx.num;552;1315;0.999969937;0;0;0.056957988;0;0.049998497;0;0
crx.bin;0.75;518;4.37E+07;4294;2872;10973;1663;519;crx.num;517;2872;0.999934341;0.331159758;0;0.151553814;0.047297913;0.049997607;0.008278994;0
crx.bin;0.7;483;4.37E+07;4294;2872;10973;1663;519;crx.num;483;2872;0.999934341;0.331159758;0;0.151553814;0.047297913;0.049996717;0.016557988;0
crx.bin;0.65000004;449;4.37E+07;7138;4762;10973;2131;1467;crx.num;448;4762;0.999891132;0.332866349;0;0.194203955;0.133691789;0.049995637;0.016600653;0
crx.bin;0.6;415;4.37E+07;7138;5179;10973;2131;1884;crx.num;414;5179;0.999881599;0.274446624;0;0.194203955;0.171694158;0.049994318;0.015182824;0
crx.bin;0.55;380;4.37E+07;48842;7146;10973;3703;2279;crx.num;379;7146;0.99983663;0.853691495;0;0.337464686;0.207691607;0.049992956;0.028203453;0
crx.bin;0.5;345;4.37E+07;98600;8241;10973;4438;2639;crx.num;345;8241;0.999811596;0.916419878;0;0.40444728;0.240499408;0.049991206;0.044252784;0
crx.bin;0.45000002;311;4.37E+07;195368;12860;10973;5083;5009;crx.num;310;11933;0.999727191;0.938920396;0.072083981;0.463227923;0.456484097;0.04998847;0.046383507;0.0018021
crx.bin;0.4;276;4.37E+07;514368;27197;10973;6275;10540;crx.num;276;23006;0.999474043;0.955273267;0.154097878;0.571858197;0.960539506;0.049980031;0.047354842;0.005654546
crx.bin;0.35;242;4.37E+07;1220864;58498;10973;7028;15186;crx.num;241;38516;0.999119457;0.96845185;0.341584328;0.640481181;1.383942404;0.049964837;0.048093128;0.012392055
crx.bin;0.3;208;4.37E+07;1.22E+07;140853;10973;9478;21645;crx.num;207;59757;0.99863385;0.995094448;0.575749185;0.863756493;1.972569033;0.049943833;0.049088657;0.022933338
crx.bin;0.25;173;4.37E+07;1.22E+07;239512;10973;9478;28711;crx.num;172;95597;0.997814485;0.992152283;0.600867597;0.863756493;2.61651326;0.049911208;0.049681168;0.02941542
crx.bin;0.2;138;4.37E+07;1.68E+07;593024;10973;9942;39691;crx.num;138;163735;0.996256731;0.990259064;0.72389819;0.906042103;3.617151189;0.04985178;0.049560284;0.033119145
crx.bin;0.15;104;4.37E+07;2.28E+07;1562438;10973;10216;51268;crx.num;103;313769;0.992826692;0.986231013;0.799179871;0.931012485;4.672195389;0.049727086;0.049412252;0.038076952
crx.bin;0.1;69;4.37E+07;2.52E+07;8441016;10973;10294;64438;crx.num;69;674728;0.984574537;0.973273543;0.920065547;0.938120842;5.872414107;0.049435031;0.048987614;0.042981135
crx.bin;0.05;35;4.37E+07;4.09E+07;1.95E+07;1.10E+04;1.09E+04;7.35E+04;crx.num;34;2036294;0.953446756;0.950258433;0.895720455;0.99015766;6.701995808;0.072286701;0.07184476;0.067787661
hypo.bin;1;3163;1.27E+09;3163;3163;57931;0;0;hypo.num;3163;3163;0.999997507;0;0;0;0;0;0;0
hypo.bin;0.95;3005;1.27E+09;1457024;294862;57931;27812;73183;hypo.num;3004;173788;0.999863038;0.880723996;0.410612422;0.480088381;1.263278728;0.049996514;0.0220181;0.010265311
hypo.bin;0.90000004;2847;1.27E+09;5388288;1638120;57931;33654;137509;hypo.num;2846;813741;0.999358691;0.848979676;0.503247015;0.580932489;2.373668675;0.049980543;0.043242592;0.022846486
hypo.bin;0.85;2689;1.27E+09;9960448;5393690;57931;36356;165428;hypo.num;2688;2182100;0.998280288;0.780923509;0.595434665;0.627574183;2.855604081;0.049940974;0.04074758;0.027467042
hypo.bin;0.8;2531;1.27E+09;9960448;6626048;57931;36356;186459;hypo.num;2530;4030445;0.996823608;0.595355048;0.391727165;0.627574183;3.218639416;0.049877597;0.034406964;0.024679046
hypo.bin;0.75;2373;1.27E+09;9960448;9960448;57931;36356;191444;hypo.num;2372;6033305;0.995245155;0.394273731;0.394273731;0.627574183;3.304690062;0.049801719;0.024740719;0.019650022
hypo.bin;0.7;2215;1.27E+09;9960448;9960448;57931;36356;191444;hypo.num;2214;7952623;0.993732542;0.201579788;0.201579788;0.627574183;3.304690062;0.049724442;0.014896338;0.014896338
hypo.bin;0.65000004;2056;1.27E+09;1.65E+07;1.10E+07;5.79E+04;3.85E+04;2.11E+05;hypo.num;2055;9496343;0.992515937;0.425114065;0.132988434;0.665239682;3.634979545;0.049656212;0.015667346;0.008364206
hypo.bin;0.6;1898;1.27E+09;1.65E+07;1.36E+07;5.79E+04;3.85E+04;2.15E+05;hypo.num;1897;10713164;0.99155696;0.351450626;0.211198295;0.665239682;3.703630181;0.049601822;0.019414117;0.008604668
hypo.bin;0.55;1740;1.27E+09;1.65E+07;1.65E+07;5.79E+04;3.85E+04;2.16E+05;hypo.num;1739;12163178;0.990414205;0.26367024;0.26367024;0.665239682;3.734649842;0.049549279;0.015378022;0.011871713
hypo.bin;0.5;1582;1.27E+09;1.65E+07;1.65E+07;5.79E+04;3.85E+04;2.16E+05;hypo.num;1581;13720031;0.98918725;0.169422076;0.169422076;0.665239682;3.734649842;0.049490036;0.010827308;0.010827308
hypo.bin;0.45000002;1424;1.27E+09;1.65E+07;1.65E+07;5.79E+04;3.85E+04;2.16E+05;hypo.num;1423;15216607;0.988007799;0.078822938;0.078822938;0.665239682;3.734649842;0.049429876;0.006206125;0.006206125
hypo.bin;0.4;1266;1.27E+09;1.65E+07;1.65E+07;5.79E+04;3.85E+04;2.16E+05;hypo.num;1265;16293832;0.987158839;0.013610308;0.013610308;0.665239682;3.734649842;0.049379166;0.002310831;0.002310831
hypo.bin;0.35;1108;1.27E+09;2.27E+07;1.71E+07;5.79E+04;3.97E+04;2.27E+05;hypo.num;1107;16661438;0.986869129;0.267107989;0.0241586;0.685384337;3.912948162;0.049350699;0.007017957;0.000944223
hypo.bin;0.3;949;1.27E+09;4.16E+08;3.95E+07;5.79E+04;5.13E+04;3.47E+05;hypo.num;948;23939029;0.981133662;0.942418681;0.39351651;0.884673146;5.986000587;0.04920007;0.030238167;0.010441878
hypo.bin;0.25;791;1.27E+09;6.50E+08;6.06E+07;5.79E+04;5.38E+04;3.82E+05;hypo.num;790;46403169;0.963429684;0.928624494;0.234889691;0.928207695;6.586697968;0.048614084;0.046776079;0.015710155
hypo.bin;0.2;633;1.27E+09;7.31E+08;9.76E+07;5.79E+04;5.46E+04;4.09E+05;hypo.num;632;65942794;0.948030515;0.90977364;0.324647131;0.941671989;7.067235159;0.047786505;0.045959953;0.013988421
hypo.bin;0.15;475;1.27E+09;9.15E+08;1.59E+08;5.79E+04;5.57E+04;4.32E+05;hypo.num;474;95416848;0.924802027;0.895709408;0.399904907;0.962161882;7.457837773;0.046820814;0.045137076;0.018113801
hypo.bin;0.1;317;1.27E+09;1.05E+09;4.24E+08;5.79E+04;5.65E+04;4.60E+05;hypo.num;316;158979339;0.874708458;0.848126531;0.624806283;0.975850581;7.946591635;0.044987762;0.043595898;0.02561778
hypo.bin;0.05;159;1.27E+09;1.13E+09;8.30E+08;5.79E+04;5.70E+04;4.82E+05;hypo.num;158;322224082;0.746055352;0.715006679;0.611585876;0.984205348;8.315185307;0.059170479;0.056953497;0.046199451
iris.bin;1;150;4800;150;150;750;0;0;iris.num;150;150;0.96875;0;0;0;0;0;0;0
iris.bin;0.95;143;4800;150;150;750;0;0;iris.num;142;150;0.96875;0;0;0;0;0.0484375;0;0
iris.bin;0.90000004;135;4800;150;150;750;0;0;iris.num;135;150;0.96875;0;0;0;0;0.0484375;0;0
iris.bin;0.85;128;4800;150;150;750;0;0;iris.num;127;150;0.96875;0;0;0;0;0.0484375;0;0
iris.bin;0.8;120;4800;150;150;750;0;0;iris.num;120;150;0.96875;0;0;0;0;0.0484375;0;0
iris.bin;0.75;113;4800;150;150;750;0;0;iris.num;112;150;0.96875;0;0;0;0;0.0484375;0;0
iris.bin;0.7;105;4800;150;150;750;0;0;iris.num;105;150;0.96875;0;0;0;0;0.0484375;0;0
iris.bin;0.65000004;98;4800;150;150;750;0;0;iris.num;97;150;0.96875;0;0;0;0;0.0484375;0;0
iris.bin;0.6;90;4800;150;150;750;0;0;iris.num;90;150;0.96875;0;0;0;0;0.0484375;0;0
iris.bin;0.55;83;4800;150;150;750;0;0;iris.num;82;150;0.96875;0;0;0;0;0.0484375;0;0
iris.bin;0.5;75;4800;150;150;750;0;0;iris.num;75;150;0.96875;0;0;0;0;0.0484375;0;0
iris.bin;0.45000002;68;4800;150;150;750;0;0;iris.num;67;150;0.96875;0;0;0;0;0.0484375;0;0
iris.bin;0.4;60;4800;150;150;750;0;0;iris.num;60;150;0.96875;0;0;0;0;0.0484375;0;0
iris.bin;0.35;53;4800;362;312;750;162;0;iris.num;52;312;0.935;0.138121547;0;0.216;0;0.04759375;0.003453039;0
iris.bin;0.3;45;4800;4800;1378;750;750;383;iris.num;45;1378;0.712916667;0.712916667;0;1;0.510666667;0.041197917;0.021275955;0
iris.bin;0.25;38;4800;4800;1784;750;750;586;iris.num;37;2117;0.558958333;0.558958333;0;1;0.781333333;0.031796875;0.031796875;0
iris.bin;0.2;30;4800;4800;2501;750;750;895;iris.num;30;2443;0.491041667;0.491041667;0.023190724;1;1.193333333;0.02625;0.02625;0.000579768
iris.bin;0.15;23;4800;4800;3025;750;750;1002;iris.num;22;2922;0.39125;0.39125;0.034049587;1;1.336;0.022057292;0.022057292;0.001431008
iris.bin;0.1;15;4800;4800;3703;750;750;1216;iris.num;15;3450;0.28125;0.28125;0.068322981;1;1.621333333;0.0168125;0.0168125;0.002559314
iris.bin;0.05;8;4800;4800;4570;750;750;1442;iris.num;7;4418;0.079583333;0.079583333;0.033260394;1;1.922666667;0.011010417;0.011010417;0.003371094
mushroom.bin;1;8124;6.81E+10;16248;16248;186852;8124;0;mushroom.num;8124;16248;0.999999762;0;0;0.043478261;0;0;0;0
mushroom.bin;0.95;7718;6.81E+10;63736;63736;186852;23962;23744;mushroom.num;7717;63736;0.999999065;0;0;0.128240533;0.127073834;0.049999971;0;0
mushroom.bin;0.90000004;7312;6.81E+10;122456;78712;186852;31450;31232;mushroom.num;7311;78712;0.999998845;0.357222186;0;0.16831503;0.167148331;0.049999948;0.008930555;0
mushroom.bin;0.85;6906;6.81E+10;122456;122456;186852;31450;45816;mushroom.num;6905;122456;0.999998203;0;0;0.16831503;0.245199409;0.049999926;0.008930555;0
mushroom.bin;0.8;6500;6.81E+10;226288;175728;186852;38262;65850;mushroom.num;6499;175728;0.999997421;0.223432087;0;0.204771691;0.352417956;0.049999891;0.005585802;0
mushroom.bin;0.75;6093;6.81E+10;226288;226288;186852;38262;72314;mushroom.num;6093;226288;0.99999668;0;0;0.204771691;0.387012181;0.049999853;0.005585802;0
mushroom.bin;0.7;5687;6.81E+10;226288;226288;186852;38262;72314;mushroom.num;5686;226288;0.99999668;0;0;0.204771691;0.387012181;0.049999834;0;0
mushroom.bin;0.65000004;5281;6.81E+10;376352;269960;186852;43874;88748;mushroom.num;5280;269960;0.999996039;0.282692798;0;0.234806157;0.474964143;0.049999818;0.00706732;0
mushroom.bin;0.6;4875;6.81E+10;1040096;358744;186852;53986;113804;mushroom.num;4874;330040;0.999995157;0.682683137;0.080012488;0.288923854;0.609059577;0.04999978;0.024134398;0.002000312
mushroom.bin;0.55;4469;6.81E+10;2212800;636952;186852;63342;169346;mushroom.num;4468;552504;0.999991893;0.750314534;0.132581419;0.338995569;0.906310877;0.049999676;0.035824942;0.005314848
mushroom.bin;0.5;4062;6.81E+10;8819520;994072;186852;76398;217270;mushroom.num;4062;785312;0.999988477;0.910957512;0.210004909;0.408869051;1.162791942;0.049999509;0.041531801;0.008564658
mushroom.bin;0.45000002;3656;6.81E+10;5.67E+07;1595128;186852;95754;317404;mushroom.num;3655;1458960;0.999978592;0.974276985;0.085364936;0.512459059;1.698692013;0.049999177;0.047130862;0.007384246
mushroom.bin;0.4;3250;6.81E+10;1.83E+08;3580720;186852;106174;420264;mushroom.num;3249;2260216;0.999966834;0.987680463;0.368781698;0.568225119;2.24918117;0.049998636;0.049048936;0.011353666
mushroom.bin;0.35;2844;6.81E+10;5.82E+08;7891080;186852;115718;525156;mushroom.num;2843;4157816;0.999938989;0.992852014;0.473099246;0.619302978;2.810545244;0.049997646;0.049513312;0.021047024
mushroom.bin;0.3;2438;6.81E+10;8.55E+08;1.66E+07;1.87E+05;1.26E+05;6.10E+05;mushroom.num;2437;8200184;0.999879673;0.990408108;0.505523778;0.674555263;3.262496521;0.049995467;0.049581503;0.024465576
mushroom.bin;0.25;2031;6.81E+10;2.59E+09;5.82E+07;1.87E+05;1.42E+05;7.84E+05;mushroom.num;2031;14413832;0.999788495;0.994438585;0.752249036;0.760056087;4.195994691;0.049991704;0.049621167;0.03144432
mushroom.bin;0.2;1625;6.81E+10;1.01E+10;1.75E+08;1.87E+05;1.57E+05;1.03E+06;mushroom.num;1624;98935384;0.99854825;0.990241857;0.436057856;0.837636204;5.499978593;0.049958419;0.049617011;0.029707672
mushroom.bin;0.15;1219;6.81E+10;1.62E+10;6.54E+08;1.87E+05;1.63E+05;1.24E+06;mushroom.num;1218;158362160;0.997676238;0.990234747;0.758012962;0.874285531;6.658430201;0.049905612;0.049511915;0.02985177
mushroom.bin;0.1;813;6.81E+10;2.78E+10;2.52E+09;1.87E+05;1.72E+05;1.47E+06;mushroom.num;812;578259152;0.991514788;0.979212768;0.770389182;0.918630788;7.881617537;0.049729776;0.049236188;0.038210054
mushroom.bin;0.05;407;6.81E+10;5.26E+10;1.36E+10;1.87E+05;1.81E+05;1.79E+06;mushroom.num;406;2111233380;0.969020356;0.959877634;0.84514929;0.968252949;9.602878214;0.073238887;0.072474201;0.061517194
page.bin;1;941;1927168;941;941;10351;0;0;page.num;941;941;0.999511719;0;0;0;0;0;0;0
page.bin;0.95;894;1927168;941;941;10351;0;0;page.num;893;941;0.999511719;0;0;0;0;0.049975586;0;0
page.bin;0.90000004;847;1927168;941;941;10351;0;0;page.num;846;941;0.999511719;0;0;0;0;0.049975586;0;0
page.bin;0.85;800;1927168;941;941;10351;0;0;page.num;799;941;0.999511719;0;0;0;0;0.049975586;0;0
page.bin;0.8;753;1927168;1714;1714;10351;773;0;page.num;752;1714;0.999110612;0;0;0.074678775;0;0.049965558;0;0
page.bin;0.75;706;1927168;1714;1714;10351;773;0;page.num;705;1714;0.999110612;0;0;0.074678775;0;0.049955531;0;0
page.bin;0.7;659;1927168;1714;1714;10351;773;0;page.num;658;1714;0.999110612;0;0;0.074678775;0;0.049955531;0;0
page.bin;0.65000004;612;1927168;1714;1714;10351;773;0;page.num;611;1714;0.999110612;0;0;0.074678775;0;0.049955531;0;0
page.bin;0.6;565;1927168;1714;1714;10351;773;0;page.num;564;1714;0.999110612;0;0;0.074678775;0;0.049955531;0;0
page.bin;0.55;518;1927168;1714;1714;10351;773;0;page.num;517;1714;0.999110612;0;0;0.074678775;0;0.049955531;0;0
page.bin;0.5;471;1927168;1714;1714;10351;773;0;page.num;470;1714;0.999110612;0;0;0.074678775;0;0.049955531;0;0
page.bin;0.45000002;424;1927168;2524;2138;10351;1197;0;page.num;423;2138;0.9988906;0.152931854;0;0.115641001;0;0.04995003;0.003823296;0
page.bin;0.4;377;1927168;13211;4071;10351;2744;386;page.num;376;4071;0.997887574;0.691847703;0;0.26509516;0.037291083;0.049919454;0.021119489;0
page.bin;0.35;330;1927168;126972;7879;10351;5493;1445;page.num;329;7879;0.995911617;0.937946949;0;0.530673365;0.139600039;0.04984498;0.040744866;0
page.bin;0.3;283;1927168;917120;12972;10351;8508;3246;page.num;282;12695;0.993412614;0.986157755;0.021353685;0.82194957;0.31359289;0.049733106;0.048102618;0.000533842
page.bin;0.25;236;1927168;1334016;23043;10351;9522;8879;page.num;235;20597;0.989312297;0.984560155;0.106149373;0.91991112;0.857791518;0.049568123;0.049267948;0.003187576
page.bin;0.2;189;1927168;1755136;41095;10351;10183;13101;page.num;188;29956;0.984455948;0.982932377;0.271054873;0.983769684;1.265674814;0.049344206;0.049187313;0.009430106
page.bin;0.15;142;1927168;1755136;79503;10351;10183;21572;page.num;141;49101;0.974521682;0.97202439;0.382400664;0.983769684;2.08404985;0.048974441;0.048873919;0.016336388
page.bin;0.1;95;1927168;1755136;587790;10351;10183;39677;page.num;94;101973;0.947086606;0.941900229;0.826514572;0.983769684;3.833156217;0.048040207;0.047848115;0.030222881
page.bin;0.05;48;1927168;1892352;1531769;10351;10317;49369;page.num;47;264351;0.862829291;0.860305588;0.827421106;0.996715293;4.76949087;0.06681863;0.066562785;0.06203392
retail.bin;1;88162;1.08E+23;88162;88162;908576;0;0;retail.num;88162;88162;1;0;0;0;0;0;0;0
retail.bin;0.95;83754;1.08E+23;88162;88162;908576;0;0;retail.num;83753;88162;1;0;0;0;0;0.05;0;0
retail.bin;0.90000004;79346;1.08E+23;88162;88162;908576;0;0;retail.num;79345;88162;1;0;0;0;0;0.05;0;0
retail.bin;0.85;74938;1.08E+23;88162;88162;908576;0;0;retail.num;74937;88162;1;0;0;0;0;0.05;0;0
retail.bin;0.8;70530;1.08E+23;88162;88162;908576;0;0;retail.num;70529;88162;1;0;0;0;0;0.05;0;0
retail.bin;0.75;66122;1.08E+23;88162;88162;908576;0;0;retail.num;66121;88162;1;0;0;0;0;0.05;0;0
retail.bin;0.7;61714;1.08E+23;88162;88162;908576;0;0;retail.num;61713;88162;1;0;0;0;0;0.05;0;0
retail.bin;0.65000004;57306;1.08E+23;88162;88162;908576;0;0;retail.num;57305;88162;1;0;0;0;0;0.05;0;0
retail.bin;0.6;52898;1.08E+23;88162;88162;908576;0;0;retail.num;52897;88162;1;0;0;0;0;0.05;0;0
retail.bin;0.55;48490;1.08E+23;138837;138837;908576;50675;0;retail.num;48489;138837;1;0;0;0.05577409;0;0.05;0;0
retail.bin;0.5;44081;1.08E+23;138837;138837;908576;50675;0;retail.num;44081;138837;1;0;0;0.05577409;0;0.05;0;0
retail.bin;0.45000002;39673;1.08E+23;210114;180972;908576;92810;0;retail.num;39672;180972;1;0.138696136;0;0.102148857;0;0.05;0.003467403;0
retail.bin;0.4;35265;1.08E+23;210114;180972;908576;92810;0;retail.num;35264;180972;1;0.138696136;0;0.102148857;0;0.05;0.006934807;0
retail.bin;0.35;30857;1.08E+23;210114;180972;908576;92810;0;retail.num;30856;180972;1;0.138696136;0;0.102148857;0;0.05;0.006934807;0
retail.bin;0.3;26449;1.08E+23;210114;210114;908576;92810;29142;retail.num;26448;210114;1;0;0;0.102148857;0.032074367;0.05;0.003467403;0
retail.bin;0.25;22041;1.08E+23;210114;210114;908576;92810;29142;retail.num;22040;210114;1;0;0;0.102148857;0.032074367;0.05;0;0
retail.bin;0.2;17633;1.08E+23;210114;210114;908576;92810;29142;retail.num;17632;210114;1;0;0;0.102148857;0.032074367;0.05;0;0
retail.bin;0.15;13225;1.08E+23;360449;255822;908576;138518;29142;retail.num;13224;255822;1;0.290268526;0;0.152456151;0.032074367;0.05;0.007256713;0
retail.bin;0.1;8817;1.08E+23;360449;293965;908576;138518;59919;retail.num;8816;286599;1;0.204883354;0.025057405;0.152456151;0.065948253;0.05;0.012378797;0.000626435
retail.bin;0.05;4409;1.08E+23;380932;334374;908576;142990;84352;retail.num;4408;334374;1;0.122221289;0;0.157378139;0.092839784;0.075;0.011233148;0.000626435
sick.bin;1;2800;1.88E+10;2800;2800;62644;0;0;sick.num;2800;2800;0.999999851;0;0;0;0;0;0;0
sick.bin;0.95;2660;1.88E+10;5178880;1382593;62644;30242;109009;sick.num;2660;588892;0.999968648;0.8862897;0.574066989;0.482759722;1.74013473;0.049999212;0.022157242;0.014351675
sick.bin;0.90000004;2520;1.88E+10;3.79E+07;1.27E+07;6.26E+04;3.81E+04;2.26E+05;sick.num;2520;4042516;0.999784783;0.89320828;0.681226596;0.608757423;3.611135943;0.049993836;0.044487449;0.03138234
sick.bin;0.85;2380;1.88E+10;7.11E+07;3.91E+07;6.26E+04;4.06E+04;2.63E+05;sick.num;2380;13443109;0.999284309;0.810914227;0.655772059;0.648186578;4.199971266;0.049976727;0.042603063;0.033424966
sick.bin;0.8;2240;1.88E+10;7.11E+07;7.11E+07;6.26E+04;4.06E+04;2.75E+05;sick.num;2240;28792925;0.998467108;0.595009422;0.595009422;0.648186578;4.386134346;0.049943785;0.035148091;0.031269537
sick.bin;0.75;2100;1.88E+10;7.11E+07;7.11E+07;6.26E+04;4.06E+04;2.75E+05;sick.num;2100;46082021;0.997546663;0.351827426;0.351827426;0.648186578;4.386134346;0.049900344;0.023670921;0.023670921
sick.bin;0.7;1960;1.88E+10;7.11E+07;7.11E+07;6.26E+04;4.06E+04;2.75E+05;sick.num;1960;60929872;0.996756186;0.142983074;0.142983074;0.648186578;4.386134346;0.049857571;0.012370263;0.012370263
sick.bin;0.65000004;1821;1.88E+10;1.16E+08;7.11E+07;6.26E+04;4.24E+04;2.77E+05;sick.num;1820;69165888;0.996317713;0.405744943;0.027188416;0.677399272;4.41534704;0.049826847;0.0137182;0.004254287
sick.bin;0.6;1681;1.88E+10;1.16E+08;9.56E+07;6.26E+04;4.24E+04;3.00E+05;sick.num;1680;72254564;0.996153276;0.379207854;0.243823501;0.677399272;4.783411021;0.049811775;0.01962382;0.006775298
sick.bin;0.55;1540;1.88E+10;1.86E+08;1.22E+08;6.26E+04;4.41E+04;3.21E+05;sick.num;1540;80645274;0.995706568;0.566259388;0.341534143;0.703451248;5.116387842;0.049796496;0.023636681;0.014633941
sick.bin;0.5;1400;1.88E+10;1.86E+08;1.39E+08;6.26E+04;4.41E+04;3.24E+05;sick.num;1400;103074020;0.994512495;0.445629157;0.258535736;0.703451248;5.164628695;0.049755477;0.025297214;0.015001747
sick.bin;0.45000002;1260;1.88E+10;1.86E+08;1.57E+08;6.26E+04;4.41E+04;3.25E+05;sick.num;1260;129024620;0.993130925;0.306057071;0.180398575;0.703451248;5.185955558;0.049691085;0.018792156;0.010973358
sick.bin;0.4;1120;1.88E+10;1.86E+08;1.86E+08;6.26E+04;4.41E+04;3.26E+05;sick.num;1120;148179032;0.992111173;0.20303744;0.20303744;0.703451248;5.204472894;0.049631052;0.012727363;0.0095859
sick.bin;0.35;980;1.88E+10;2.53E+08;1.88E+08;6.26E+04;4.51E+04;3.37E+05;sick.num;980;164760148;0.991228419;0.348092548;0.122982094;0.719621991;5.380132175;0.04958349;0.01377825;0.008150488
sick.bin;0.3;841;1.88E+10;3.22E+09;3.76E+08;6.26E+04;5.44E+04;4.66E+05;sick.num;840;208002297;0.988926273;0.935363974;0.446137578;0.868095907;7.442692038;0.049503867;0.032086413;0.014227992
sick.bin;0.25;700;1.88E+10;4.35E+09;4.65E+08;6.26E+04;5.59E+04;4.95E+05;sick.num;700;378206211;0.979864874;0.913142923;0.186457024;0.89220037;7.903949301;0.049219779;0.046212672;0.015814865
sick.bin;0.2;560;1.88E+10;6.34E+09;6.59E+08;6.26E+04;5.78E+04;5.29E+05;sick.num;560;484326268;0.974215203;0.923602338;0.26550082;0.922386821;8.45128025;0.048852002;0.045918632;0.011298946
sick.bin;0.15;421;1.88E+10;1.16E+10;1.38E+09;6.26E+04;6.02E+04;5.77E+05;sick.num;420;724375753;0.961435331;0.937290329;0.475347853;0.960475065;9.207218568;0.048391263;0.046522317;0.018521217
sick.bin;0.1;280;1.88E+10;1.35E+10;3.45E+09;6.26E+04;6.09E+04;6.09E+05;sick.num;280;1306193908;0.930460213;0.903075672;0.621839276;0.972335738;9.713715599;0.047297389;0.04600915;0.027429678
sick.bin;0.05;140;1.88E+10;1.65E+10;8.58E+09;6.26E+04;6.20E+04;6.44E+05;sick.num;140;2661566966;0.858302203;0.838581983;0.689745618;0.98914501;10.27279548;0.066176615;0.064505991;0.050033263
vehicle.bin;1;846;4.44E+08;846;846;16074;0;0;vehicle.num;846;846;0.999998093;0;0;0;0;0;0;0
vehicle.bin;0.95;804;4.44E+08;846;846;16074;0;0;vehicle.num;803;846;0.999998093;0;0;0;0;0.049999905;0;0
vehicle.bin;0.90000004;762;4.44E+08;846;846;16074;0;0;vehicle.num;761;846;0.999998093;0;0;0;0;0.049999905;0;0
vehicle.bin;0.85;720;4.44E+08;846;846;16074;0;0;vehicle.num;719;846;0.999998093;0;0;0;0;0.049999905;0;0
vehicle.bin;0.8;677;4.44E+08;846;846;16074;0;0;vehicle.num;676;846;0.999998093;0;0;0;0;0.049999905;0;0
vehicle.bin;0.75;635;4.44E+08;846;846;16074;0;0;vehicle.num;634;846;0.999998093;0;0;0;0;0.049999905;0;0
vehicle.bin;0.7;593;4.44E+08;846;846;16074;0;0;vehicle.num;592;846;0.999998093;0;0;0;0;0.049999905;0;0
vehicle.bin;0.65000004;550;4.44E+08;846;846;16074;0;0;vehicle.num;549;846;0.999998093;0;0;0;0;0.049999905;0;0
vehicle.bin;0.6;508;4.44E+08;846;846;16074;0;0;vehicle.num;507;846;0.999998093;0;0;0;0;0.049999905;0;0
vehicle.bin;0.55;466;4.44E+08;1348;1348;16074;502;0;vehicle.num;465;1348;0.999996961;0;0;0.031230559;0;0.049999876;0;0
vehicle.bin;0.5;423;4.44E+08;1348;1348;16074;502;0;vehicle.num;423;1348;0.999996961;0;0;0.031230559;0;0.049999848;0;0
vehicle.bin;0.45000002;381;4.44E+08;1348;1348;16074;502;0;vehicle.num;380;1348;0.999996961;0;0;0.031230559;0;0.049999848;0;0
vehicle.bin;0.4;339;4.44E+08;1996;1723;16074;877;0;vehicle.num;338;1723;0.999996115;0.136773547;0;0.054560159;0;0.049999827;0.003419339;0
vehicle.bin;0.35;297;4.44E+08;117766;6386;16074;4917;623;vehicle.num;296;6386;0.999985602;0.945773823;0;0.305897723;0.038758243;0.049999543;0.027063684;0
vehicle.bin;0.3;254;4.44E+08;7.87E+07;24356;16074;13435;6201;vehicle.num;253;23860;0.999946206;0.99969677;0.020364592;0.835821824;0.385778275;0.049998295;0.048636765;0.000509115
vehicle.bin;0.25;212;4.44E+08;2.77E+08;125417;16074;15325;18636;vehicle.num;211;82023;0.999815075;0.99970356;0.345997752;0.953403011;1.159387831;0.049994032;0.049985008;0.009159059
vehicle.bin;0.2;170;4.44E+08;4.44E+08;558484;16074;16074;33281;vehicle.num;169;207324;0.999532578;0.999532578;0.628773609;1;2.0704865;0.049983691;0.049980903;0.024369284
vehicle.bin;0.15;127;4.44E+08;4.44E+08;1547039;16074;16074;57137;vehicle.num;126;765814;0.998273435;0.998273435;0.504980805;1;3.554622372;0.04994515;0.04994515;0.02834386
vehicle.bin;0.1;85;4.44E+08;4.44E+08;3.97E+07;1.61E+04;1.61E+04;1.09E+05;vehicle.num;84;2254334;0.994917493;0.994917493;0.94320599;1;6.807079756;0.049829773;0.049829773;0.03620467
vehicle.bin;0.05;43;4.44E+08;4.44E+08;3.02E+08;1.61E+04;1.61E+04;1.39E+05;vehicle.num;42;12029009;0.972880007;0.972880007;0.960107066;1;8.672390195;0.073516938;0.073516938;0.071585503
waveform.bin;1;5000;2.10E+10;5000;5000;110000;0;0;waveform.num;5000;5000;0.999999762;0;0;0;0;0;0;0
waveform.bin;0.95;4750;2.10E+10;5000;5000;110000;0;0;waveform.num;4750;5000;0.999999762;0;0;0;0;0.049999988;0;0
waveform.bin;0.90000004;4500;2.10E+10;5000;5000;110000;0;0;waveform.num;4500;5000;0.999999762;0;0;0;0;0.049999988;0;0
waveform.bin;0.85;4250;2.10E+10;5000;5000;110000;0;0;waveform.num;4250;5000;0.999999762;0;0;0;0;0.049999988;0;0
waveform.bin;0.8;4000;2.10E+10;5000;5000;110000;0;0;waveform.num;4000;5000;0.999999762;0;0;0;0;0.049999988;0;0
waveform.bin;0.75;3750;2.10E+10;5000;5000;110000;0;0;waveform.num;3750;5000;0.999999762;0;0;0;0;0.049999988;0;0
waveform.bin;0.7;3500;2.10E+10;5000;5000;110000;0;0;waveform.num;3500;5000;0.999999762;0;0;0;0;0.049999988;0;0
waveform.bin;0.65000004;3251;2.10E+10;5000;5000;110000;0;0;waveform.num;3250;5000;0.999999762;0;0;0;0;0.049999988;0;0
waveform.bin;0.6;3000;2.10E+10;5000;5000;110000;0;0;waveform.num;3000;5000;0.999999762;0;0;0;0;0.049999988;0;0
waveform.bin;0.55;2750;2.10E+10;5000;5000;110000;0;0;waveform.num;2750;5000;0.999999762;0;0;0;0;0.049999988;0;0
waveform.bin;0.5;2500;2.10E+10;5000;5000;110000;0;0;waveform.num;2500;5000;0.999999762;0;0;0;0;0.049999988;0;0
waveform.bin;0.45000002;2250;2.10E+10;5000;5000;110000;0;0;waveform.num;2250;5000;0.999999762;0;0;0;0;0.049999988;0;0
waveform.bin;0.4;2000;2.10E+10;5000;5000;110000;0;0;waveform.num;2000;5000;0.999999762;0;0;0;0;0.049999988;0;0
waveform.bin;0.35;1750;2.10E+10;5000;5000;110000;0;0;waveform.num;1750;5000;0.999999762;0;0;0;0;0.049999988;0;0
waveform.bin;0.3;1500;2.10E+10;2.10E+10;114999;110000;109999;0;waveform.num;1500;114999;0.999994516;0.999994516;0;0.999990909;0;0.049999857;0.024999863;0
waveform.bin;0.25;1250;2.10E+10;2.10E+10;114999;110000;109999;0;waveform.num;1250;114999;0.999994516;0.999994516;0;0.999990909;0;0.049999726;0.049999726;0
waveform.bin;0.2;1000;2.10E+10;2.10E+10;720580;110000;109999;91300;waveform.num;1000;209324;0.999990019;0.999990018;0.709506231;0.999990909;0.83;0.049999613;0.049999613;0.017737656
waveform.bin;0.15;750;2.10E+10;2.10E+10;1.65E+07;1.10E+05;1.10E+05;2.51E+05;waveform.num;750;535727;0.999974455;0.999974452;0.967618397;0.999990909;2.283072727;0.049999112;0.049999112;0.041928116
waveform.bin;0.1;500;2.10E+10;2.10E+10;5.81E+09;1.10E+05;1.10E+05;9.67E+05;waveform.num;500;2387267;0.999886166;0.999886155;0.99958896;0.999990909;8.792154545;0.049996516;0.049996515;0.049180184
waveform.bin;0.05;250;2.10E+10;2.10E+10;1.73E+10;1.10E+05;1.10E+05;1.13E+06;waveform.num;250;13441145;0.999359076;0.999359012;0.999224419;0.999990909;10.28281818;0.074965108;0.074965104;0.074950945
pumsb.bin;1;49046;9.26E+26;49046;49046;3629404;0;0;pumsb.num;49046;49046;1;0;0;0;0;0;0;0
pumsb.bin;0.95;46594;9.26E+26;3.51E+08;2.40E+07;3629404;623420;2368943;pumsb.num;46593;8167172;1;0.976718667;0.659386014;0.171769249;0.652708544;0.05;0.024417967;0.01648465
pumsb.bin;0.90000004;44142;9.26E+26;3.79E+10;1.38E+09;3629404;942364;6451903;pumsb.num;44141;117685114;1;0.996896343;0.914767502;0.259647038;1.777675618;0.05;0.049340375;0.039353838
pumsb.bin;0.85;41690;9.26E+26;5.27E+11;2.15E+10;3629404;1112077;9973849;pumsb.num;41689;880107386;1;0.998329551;0.95905047;0.306407609;2.748068002;0.05;0.049880647;0.046845449
pumsb.bin;0.8;39237;9.26E+26;9.96E+11;8.74E+10;3629404;1153457;12176804;pumsb.num;39236;5760970454;1;0.994215772;0.934086796;0.31780893;3.355042315;0.05;0.049813633;0.047328432
pumsb.bin;0.75;36785;9.26E+26;3.04E+12;5.94E+11;3629404;1229062;13546182;pumsb.num;36784;25782750620;1;0.991519452;0.956582162;0.338640173;3.732343382;0.05;0.049643381;0.047266724
pumsb.bin;0.7;34333;9.26E+26;2.07E+14;1.23E+12;3629404;1482597;18112670;pumsb.num;34332;97353292179;1;0.999530168;0.920977402;0.408495995;4.990535636;0.05;0.049776241;0.046938989
pumsb.bin;0.65000004;31880;9.26E+26;1.47E+15;4.88E+12;3629404;1583053;21732867;pumsb.num;31879;2.75272E+11;1;0.999812705;0.943582428;0.436174369;5.987998856;0.05;0.049983572;0.046613996
pumsb.bin;0.6;29428;9.26E+26;2.55E+15;2.02E+13;3629404;1642346;23579173;pumsb.num;29427;6.2414E+11;1;0.999755288;0.969034218;0.452511211;6.496706622;0.05;0.0499892;0.047815416
pumsb.bin;0.55;26976;9.26E+26;2.16E+16;1.07E+14;3629404;1784243;27256080;pumsb.num;26975;1.44281E+12;1;0.999933355;0.986525914;0.491607713;7.509794997;0.05;0.049992216;0.048889003
pumsb.bin;0.5;24523;9.26E+26;7.51E+17;4.53E+14;3629404;1992482;32953177;pumsb.num;24523;4.42387E+12;1;0.999994106;0.990232588;0.548983249;9.079500932;0.05;0.049998187;0.049418963
pumsb.bin;0.45000002;22071;9.26E+26;4.05E+19;2.22E+15;3629404;2251016;40191205;pumsb.num;22070;1.72421E+13;1;0.999999574;0.992247674;0.620216432;11.07377547;0.05;0.049999842;0.049562007
pumsb.bin;0.4;19619;9.26E+26;3.65E+20;1.02E+16;3629404;2423452;48728860;pumsb.num;19618;7.37959E+13;1;0.999999798;0.992748412;0.667727263;13.42613278;0.05;0.049999984;0.049624902
pumsb.bin;0.35;17167;9.26E+26;4.05E+21;8.06E+16;3629404;2591997;55949546;pumsb.num;19618;7.37959E+13;1;0.999999982;0.999084928;0.714166017;15.41562912;0.05;0.049999994;0.049795834
pumsb.bin;0.3;14714;9.26E+26;1.41E+22;6.09E+17;3629404;2672572;62313474;pumsb.num;19618;7.37959E+13;1;0.999999995;0.999878737;0.736366632;17.16906522;0.05;0.049999999;0.049974092
pumsb.bin;0.25;12262;9.26E+26;8.55E+22;1.01E+19;3629404;2777729;68553753;pumsb.num;19618;7.37959E+13;1;0.999999999;0.999992725;0.76534026;18.88843265;0.05;0.05;0.049996787
pumsb.bin;0.2;9810;9.26E+26;3.06E+24;1.40E+21;3629404;2980966;81591167;pumsb.num;19618;7.37959E+13;1;1;0.999999947;0.821337608;22.48059654;0.05;0.05;0.049999817
pumsb.bin;0.15;7357;9.26E+26;4.94E+24;2.02E+22;3629404;3049977;87053671;pumsb.num;19618;7.37959E+13;1;1;0.999999996;0.840352025;23.98566569;0.05;0.05;0.049999999
pumsb.bin;0.1;4905;9.26E+26;1.24E+25;6.97E+23;3629404;3150156;94131129;pumsb.num;19618;7.37959E+13;1;1;1;0.867954077;25.93569881;0.05;0.05;0.05
pumsb.bin;0.05;2453;9.26E+26;5.63E+25;3.19E+24;3629404;3277075;103322355;pumsb.num;19618;7.37959E+13;1;1;1;0.902923731;28.46813278;0.075;0.075;0.075
chess.bin;1;3196;4.39E+14;3196;3196;118252;0;0;chess.num;3196;3196;1;0;0;0;0;0;0;0
chess.bin;0.95;3037;4.39E+14;1487744;301855;118252;28155;74455;chess.num;3036;244423;0.999999999;0.835708966;0.190263537;0.238093225;0.629629943;0.05;0.020892724;0.004756588
chess.bin;0.90000004;2877;4.39E+14;2.15E+07;5235568;118252;40181;204977;chess.num;2876;1859694;0.999999996;0.913621526;0.644796133;0.339791293;1.733391401;0.05;0.043733262;0.020876492
chess.bin;0.85;2717;4.39E+14;1.48E+08;2.62E+07;118252;48754;309093;chess.num;2716;7592325;0.999999983;0.948581951;0.710106488;0.41228901;2.613850083;0.049999999;0.046555087;0.033872566
chess.bin;0.8;2557;4.39E+14;9.36E+08;1.16E+08;118252;56711;404245;chess.num;2556;22262077;0.999999949;0.976218943;0.808356329;0.479577512;3.41850455;0.049999998;0.048120022;0.03796157
chess.bin;0.75;2397;4.39E+14;9.09E+09;3.38E+08;118252;66700;530620;chess.num;2397;53591870;0.999999878;0.994101545;0.841210394;0.564049657;4.487196834;0.049999996;0.049258012;0.041239168
chess.bin;0.7;2238;4.39E+14;1.64E+10;1.04E+09;118252;69045;637538;chess.num;2237;118108003;0.999999731;0.992813566;0.886498425;0.583880188;5.391350675;0.04999999;0.049672878;0.04319272
chess.bin;0.65000004;2078;4.39E+14;1.95E+11;3.18E+09;118252;80016;788451;chess.num;2077;252871604;0.999999424;0.998700632;0.920489483;0.676656632;6.667548963;0.049999979;0.049787855;0.045174698
chess.bin;0.6;1918;4.39E+14;2.63E+12;7.34E+09;118252;89988;949105;chess.num;1917;539257061;0.999998772;0.999795312;0.926518716;0.760985015;8.02612218;0.049999955;0.049962399;0.046175205
chess.bin;0.55;1758;4.39E+14;4.23E+12;1.54E+10;118252;91805;1069114;chess.num;1757;1126618624;0.999997435;0.999733582;0.926712334;0.776350506;9.040980279;0.049999905;0.049988222;0.046330776
chess.bin;0.5;1598;4.39E+14;1.03E+13;5.54E+10;118252;95196;1198482;chess.num;1598;2285605631;0.999994797;0.999778144;0.958761152;0.805026553;10.13498292;0.049999806;0.049987793;0.047136837
chess.bin;0.45000002;1439;4.39E+14;1.69E+13;3.05E+11;118252;98197;1308640;chess.num;1438;4655502896;0.999989401;0.999724771;0.984742473;0.83040456;11.06653587;0.049999605;0.049987573;0.048587591
chess.bin;0.4;1279;4.39E+14;2.11E+13;1.09E+12;118252;99576;1402277;chess.num;1278;9538623813;0.999978285;0.999547424;0.991277308;0.842066096;11.85837872;0.049999192;0.049981805;0.049400495
chess.bin;0.35;1119;4.39E+14;4.98E+13;3.34E+12;118252;105584;1518424;chess.num;1118;19876125046;0.99995475;0.999601045;0.994051146;0.892872848;12.84057775;0.049998326;0.049978712;0.049633211
chess.bin;0.3;959;4.39E+14;1.35E+14;7.83E+12;118252;110593;1646532;chess.num;958;42737700358;0.999902704;0.999682565;0.99454203;0.935231539;13.92392518;0.049996436;0.04998209;0.049714829
chess.bin;0.25;799;4.39E+14;1.49E+14;1.45E+13;118252;111444;1754388;chess.num;799;95899194071;0.999781678;0.99935578;0.993404395;0.942428035;14.83601123;0.04999211;0.049975959;0.049698661
chess.bin;0.2;640;4.39E+14;2.25E+14;2.60E+13;118252;113569;1856796;chess.num;639;2.31008E+11;0.999474091;0.998974795;0.991118058;0.960398133;15.70202618;0.049981394;0.049958264;0.049613061
chess.bin;0.15;480;4.39E+14;2.79E+14;5.79E+13;118252;115200;1945045;chess.num;479;6.17857E+11;0.998593399;0.997784075;0.989337943;0.974190711;16.44830531;0.049951687;0.049918972;0.0495114
chess.bin;0.1;320;4.39E+14;3.50E+14;1.31E+14;118252;116661;2017163;chess.num;319;1.96882E+12;0.995517815;0.9943706;0.984959126;0.986545682;17.05817238;0.04985278;0.049803867;0.049357427
chess.bin;0.05;160;4.39E+14;3.99E+14;2.59E+14;118252;117643;2081075;chess.num;159;9.3577E+12;0.97869642;0.976568445;0.963814548;0.994849981;17.59864527;0.073822766;0.073687687;0.072814706
austral.bin;1;690;2.26E+07;690;690;10350;0;0;austral.num;690;690;0.999969482;0;0;0;0;0;0;0
austral.bin;0.95;656;2.26E+07;690;690;10350;0;0;austral.num;655;690;0.999969482;0;0;0;0;0.049998474;0;0
austral.bin;0.90000004;621;2.26E+07;1315;1315;10350;625;0;austral.num;621;1315;0.99994184;0;0;0.060386473;0;0.049997783;0;0
austral.bin;0.85;587;2.26E+07;1315;1315;10350;625;0;austral.num;586;1315;0.99994184;0;0;0.060386473;0;0.049997092;0;0
austral.bin;0.8;552;2.26E+07;1315;1315;10350;625;0;austral.num;552;1315;0.99994184;0;0;0.060386473;0;0.049997092;0;0
austral.bin;0.75;518;2.26E+07;2314;1840;10350;1150;0;austral.num;517;1840;0.99991862;0.204840104;0;0.111111111;0;0.049996511;0.005121003;0
austral.bin;0.7;483;2.26E+07;2314;1840;10350;1150;0;austral.num;483;1840;0.99991862;0.204840104;0;0.111111111;0;0.049995931;0.010242005;0
austral.bin;0.65000004;449;2.26E+07;3856;2782;10350;1618;474;austral.num;448;2782;0.999876957;0.278526971;0;0.156328502;0.045797101;0.049994889;0.012084177;0
austral.bin;0.6;415;2.26E+07;3856;3199;10350;1618;891;austral.num;414;3199;0.999858513;0.170383817;0;0.156328502;0.086086957;0.049993387;0.01122277;0
austral.bin;0.55;380;2.26E+07;27124;5175;10350;3199;1286;austral.num;379;5175;0.999771118;0.809209556;0;0.309082126;0.124251208;0.049990741;0.024489834;0
austral.bin;0.5;345;2.26E+07;54680;6929;10350;3934;1996;austral.num;345;6620;0.999707208;0.878931968;0.04459518;0.380096618;0.192850242;0.049986958;0.042203538;0.001114879
austral.bin;0.45000002;311;2.26E+07;108496;10185;10350;4579;3994;austral.num;310;9596;0.999575585;0.911554343;0.057830142;0.442415459;0.38589372;0.04998207;0.044762158;0.002560633
austral.bin;0.4;276;2.26E+07;279168;19768;10350;5771;8342;austral.num;276;16870;0.999253867;0.939570438;0.146600567;0.557584541;0.805990338;0.049970736;0.04627812;0.005110768
austral.bin;0.35;242;2.26E+07;663296;34507;10350;6526;11449;austral.num;241;25283;0.998881774;0.961882779;0.267308082;0.630531401;1.106183575;0.049953391;0.04753633;0.010347716
austral.bin;0.3;208;2.26E+07;6734848;80044;10350;9011;17679;austral.num;207;42106;0.99813772;0.99374804;0.47396432;0.870628019;1.708115942;0.049925487;0.04889077;0.01853181
austral.bin;0.25;173;2.26E+07;6734848;135338;10350;9011;23478;austral.num;172;64811;0.997133515;0.990376769;0.521117498;0.870628019;2.268405797;0.049881781;0.04960312;0.024877045
austral.bin;0.2;138;2.26E+07;1.06E+07;336587;10350;9458;33556;austral.num;138;106248;0.995300824;0.989933267;0.684337185;0.913816425;3.242125604;0.049810858;0.049507751;0.030136367
austral.bin;0.15;104;2.26E+07;1.18E+07;948656;10350;9595;44621;austral.num;103;199413;0.991180287;0.983054363;0.789794193;0.92705314;4.311207729;0.049662028;0.049324691;0.036853284
austral.bin;0.1;69;2.26E+07;1.30E+07;5112314;10350;9673;56899;austral.num;69;417558;0.981532089;0.967932409;0.918323092;0.934589372;5.497487923;0.049317809;0.048774669;0.042702932
austral.bin;0.05;35;2.26E+07;2.11E+07;1.07E+07;10350;10244;64687;austral.num;34;1213039;0.946349257;0.94246122;0.88701492;0.989758454;6.249951691;0.071855765;0.071321371;0.067308823
T40I10D100K.bin;1;97182;4.31E+23;97966;97182;3848543;784;0;T40I10D100K.num;97182;97182;1;0.008002776;0;0.000203713;0;0;0;0
T40I10D100K.bin;0.95;92323;4.31E+23;97966;97182;3848543;784;0;T40I10D100K.num;92322;97182;1;0.008002776;0;0.000203713;0;0.05;0.000400139;0
T40I10D100K.bin;0.90000004;87464;4.31E+23;97966;97182;3848543;784;0;T40I10D100K.num;87463;97182;1;0.008002776;0;0.000203713;0;0.05;0.000400139;0
T40I10D100K.bin;0.85;82605;4.31E+23;97966;97182;3848543;784;0;T40I10D100K.num;82604;97182;1;0.008002776;0;0.000203713;0;0.05;0.000400139;0
T40I10D100K.bin;0.8;77746;4.31E+23;97966;97182;3848543;784;0;T40I10D100K.num;77745;97182;1;0.008002776;0;0.000203713;0;0.05;0.000400139;0
T40I10D100K.bin;0.75;72887;4.31E+23;97966;97182;3848543;784;0;T40I10D100K.num;72886;97182;1;0.008002776;0;0.000203713;0;0.05;0.000400139;0
T40I10D100K.bin;0.7;68028;4.31E+23;97966;97182;3848543;784;0;T40I10D100K.num;68027;97182;1;0.008002776;0;0.000203713;0;0.05;0.000400139;0
T40I10D100K.bin;0.65000004;63169;4.31E+23;97966;97182;3848543;784;0;T40I10D100K.num;63168;97182;1;0.008002776;0;0.000203713;0;0.05;0.000400139;0
T40I10D100K.bin;0.6;58310;4.31E+23;97966;97182;3848543;784;0;T40I10D100K.num;58309;97182;1;0.008002776;0;0.000203713;0;0.05;0.000400139;0
T40I10D100K.bin;0.55;53451;4.31E+23;97966;97182;3848543;784;0;T40I10D100K.num;53450;97182;1;0.008002776;0;0.000203713;0;0.05;0.000400139;0
T40I10D100K.bin;0.5;48591;4.31E+23;97966;97182;3848543;784;0;T40I10D100K.num;48591;97182;1;0.008002776;0;0.000203713;0;0.05;0.000400139;0
T40I10D100K.bin;0.45000002;43732;4.31E+23;97966;97182;3848543;784;0;T40I10D100K.num;43731;97182;1;0.008002776;0;0.000203713;0;0.05;0.000400139;0
T40I10D100K.bin;0.4;38873;4.31E+23;97966;97182;3848543;784;0;T40I10D100K.num;38872;97182;1;0.008002776;0;0.000203713;0;0.05;0.000400139;0
T40I10D100K.bin;0.35;34014;4.31E+23;97966;97182;3848543;784;0;T40I10D100K.num;34013;97182;1;0.008002776;0;0.000203713;0;0.05;0.000400139;0
T40I10D100K.bin;0.3;29155;4.31E+23;97966;97182;3848543;784;0;T40I10D100K.num;29154;97182;1;0.008002776;0;0.000203713;0;0.05;0.000400139;0
T40I10D100K.bin;0.25;24296;4.31E+23;126079;125116;3848543;28718;0;T40I10D100K.num;24295;125116;1;0.007638068;0;0.007462045;0;0.05;0.000391021;0
T40I10D100K.bin;0.2;19437;4.31E+23;276833;209516;3848543;113118;0;T40I10D100K.num;19436;209516;1;0.243168264;0;0.029392422;0;0.05;0.006270158;0
T40I10D100K.bin;0.15;14578;4.31E+23;2698390;442961;3848543;346563;0;T40I10D100K.num;14577;442961;1;0.835842484;0;0.090050442;0;0.05;0.026975269;0
T40I10D100K.bin;0.1;9719;4.31E+23;8.16E+09;1174870;3848543;1078472;0;T40I10D100K.num;9718;1174870;1;0.999856042;0;0.280228648;0;0.05;0.045892463;0
T40I10D100K.bin;0.05;4860;4.31E+23;2.06E+17;2745243;3848543;2559397;84927;T40I10D100K.num;4859;2740722;1;1;0.001646849;0.665030117;0.022067312;0.075;0.074996401;8.23424E-05
